shop_name,title,detail_url
中山市帝球照明科技有限公司,led投光灯小苹果超薄防水泛光灯100w超亮户外庭院灯广告牌投射灯,https://detail.1688.com/offer/732462521472.html?spm=a26352.13672862.offerlist.7.23caef6aE11mUO&offerId=732462521472&sortType=&pageId=&abBizDataType=cbuOffer&hotSaleSkuId=6062986955222&trace_log=normal&uuid=acfb4c7dac4b4a71962c9a9130711ca9&forcePC=1782457903295
中山市雷芒照明有限公司,光硕士新款太阳能照明灯庭院灯农村户外室内超亮天黑家用自动投光灯路灯,https://detail.1688.com/offer/926615500395.html?spm=a26352.13672862.offerlist.4.4e3a69e3SqzTru&offerId=926615500395&sortType=&pageId=&abBizDataType=cbuOffer&hotSaleSkuId=6237893811661&trace_log=normal&uuid=7800980845e241e1b86cae0487a4c17d&forcePC=1782457978393
中山市酷虎照明有限公司,跨境万圣节鬼屋紫光灯395nmUV投光灯30-400W室外室内荧光灯批发,https://detail.1688.com/offer/744500733920.html?spm=a26352.13672862.offerlist.4.758613f4ioNbhH&offerId=744500733920&sortType=&pageId=&abBizDataType=cbuOffer&hotSaleSkuId=5672686302149&trace_log=normal&uuid=1a1a3c1e856f4ab0b346a303dba57d86&forcePC=1782458033589
临沂布洛克光电科技有限公司,led塔吊灯工地照明灯1000瓦户外防水球场探照灯2000w超亮投光大灯,https://detail.1688.com/offer/562742879360.html?spm=a26352.13672862.offerlist.7.474c8ab9Ahk4pH&cosite=-&tracelog=p4p&_p_isad=1&clickid=1a25427a9dd04dce8962c96116524fd7&sessionid=34988d83b9d94d3d8286081132029a2c
深圳市雷普斯照明电器有限公司,led球场投光灯方形大功率高亮防水户外体育足球篮球场高杆照明灯,https://detail.1688.com/offer/693510128821.html?spm=a260k.27118904.m2eeca9u.7.75edce5caqBoq0
江门市华启照明科技有限公司,LED投光灯铝鳍片1000W球场灯TP65码头广场高杆灯角度30°60°90°,https://detail.1688.com/offer/1047391401971.html?spm=a26352.13672862.offerlist.14.672d5a33uNbOO9&offerId=1047391401971&sortType=&pageId=&abBizDataType=cbuOffer&trace_log=normal&uuid=51902adf192c4ad9909f99655610fb21&skuId=-1
广东省信德尚照明电器有限公司,LED聚光灯户外防水墙亮化投光灯防水远射大厦楼体照明聚光远射灯,https://detail.1688.com/offer/748084637980.html?_t=1782458605199&spm=a2615.7691456/2506.co_0_0_wangpu_score_0_0_0_0_1_0_0000_0.0
佛山市伍羊照明有限公司,亚明led投光灯户外防水探照灯工地庭院厂房照明灯工程超亮投射灯,https://detail.1688.com/offer/780756423342.html?spm=a26352.13672862.offerlist.1.69b41e62Hjg94Y&cosite=-&tracelog=p4p&_p_isad=1&clickid=6da96adc711b403eb33b9201864c8477&sessionid=d4656d733b80eb00823af64f60bfab13
中山市展之亮照明有限公司,led70W110V铲灯射灯COB展览标摊桁架展会灯光广告泛光会投光灯,https://detail.1688.com/offer/826570168458.html?spm=a26352.13672862.offerlist.1.af4b5937xzOhR0&cosite=-&tracelog=p4p&_p_isad=1&clickid=dc584fc9b57143118b844278c2da7a72&sessionid=61b4177217fb39602783c170f6be1c4e
佛山妙普照明有限公司,LED投光灯低压船用直流电瓶12V24V36V100W电瓶射灯户外防水,https://detail.1688.com/offer/898122537547.html?spm=a26352.13672862.offerlist.4.3a921e62Dzm3KY&cosite=-&tracelog=p4p&_p_isad=1&clickid=d353a8f2f26f4e1991c3e895a1d13e7f&sessionid=c97c2006ff0343feb5b8b3ec85b370cd
