商品名称,图片地址,价格
WPT红色一副,https://cbu01.alicdn.com/img/ibank/O1CN01E1DZqw28wgDYarOWb_!!2216584417997-0-cib.jpg,8.97元
WPT蓝色一副,https://cbu01.alicdn.com/img/ibank/O1CN01yFrTU828wgDVcXpSz_!!2216584417997-0-cib.jpg,9.99元
WPT红蓝各一副,https://cbu01.alicdn.com/img/ibank/O1CN015dtGd228wgLNBKMOD_!!2216584417997-0-cib.jpg,18.96元
WPT一条12副全红,https://cbu01.alicdn.com/img/ibank/O1CN01E1DZqw28wgDYarOWb_!!2216584417997-0-cib.jpg,108.00元
WPT一条12副全蓝,https://cbu01.alicdn.com/img/ibank/O1CN01yFrTU828wgDVcXpSz_!!2216584417997-0-cib.jpg,108.00元
WPT一条12副红蓝各半,https://cbu01.alicdn.com/img/ibank/O1CN01XNJKsz28wgDWmikQH_!!2216584417997-0-cib.jpg,108.00元
WPT两条24副红蓝各半,https://cbu01.alicdn.com/img/ibank/O1CN0169IXRj28wgDVkP1k5_!!2216584417997-0-cib.jpg,204.00元
WPT一箱120副红蓝各半,https://cbu01.alicdn.com/img/ibank/O1CN01n88xfL28wgDWmkUc1_!!2216584417997-0-cib.jpg,960.00元
定制联系客服,https://cbu01.alicdn.com/img/ibank/O1CN01XNJKsz28wgDWmikQH_!!2216584417997-0-cib.jpg,2000.00元
